Name,Comment,Time,Likes,Reply Count,Subjectivity,Polarity,Analysis
@scR_99.,im the dum here cuz i watched this shit,2024-02-13T20:42:19Z,3,0,0.8,-0.2,Negative
@HabibHandiCraft,,2023-12-19T12:10:27Z,0,0,0.0,0.0,Neutral
@xeninn,yooi WTF is going on with you,2023-12-10T15:54:03Z,0,0,1.0,-0.5,Negative
@OfficialMokee,do you even know what you re doing   ,2023-09-10T14:23:02Z,4,2,0.0,0.0,Neutral
@xeninn,shes m d,2023-12-10T15:54:24Z,0,,0.0,0.0,Neutral
@tinkerersagar,she is saying that after refreshing the link will become clickable but in video itself it is not working  ,2024-02-09T05:33:41Z,0,,1.0,0.5,Positive
@annango4,OMG  thank you so much  I just got all my important emails back to my account  This video is very helpful   ,2024-04-26T03:12:44Z,0,0,0.375,0.2,Positive
@phanikumar.youtube11,It Worked  Thank you,2024-04-25T06:30:00Z,0,0,0.0,0.0,Neutral
@CambodiaCambodia-tj4oe,Sok kng 1 30,2024-04-19T04:46:32Z,0,0,0.0,0.0,Neutral
@loskokosos2226,it works perfectly  thanks a lot ,2024-04-09T10:04:15Z,0,0,0.2,0.2,Positive
@vannity416,this worked omg  i was stressing  THANK YOU  on 99  just change the password and it works u get all your emails back gradually,2024-03-23T07:10:36Z,0,0,0.0,0.0,Neutral
@karmagamechanger5517,I don t have bin   ,2024-03-21T22:18:57Z,0,1,0.0,0.0,Neutral
@parkerlewis7924,It s called trash,2024-04-25T18:17:39Z,0,,0.0,0.0,Neutral
@AmmineniHarthikChowdary,I have deleted sent mail how to recover it,2024-03-21T05:09:50Z,0,0,0.0,0.0,Neutral
@charlesgannon1832,Thank you so much  I messed up and my boss was going to kill me  My savior ,2024-03-14T19:33:00Z,0,0,0.2,0.2,Positive
@2244tarzan,Thank you  i just recovered over 1400 emails that i deleted    you are a great help  ,2024-03-13T01:37:29Z,0,0,0.75,0.8,Positive
@Nacwx22,Idiot video,2024-03-12T11:21:40Z,1,0,0.8,-0.8,Negative
@kemawfeleke6660,thank you so much helpful video,2024-03-12T05:44:50Z,0,0,0.2,0.2,Positive
@cohall46,1000 Thank You s for this video  I went through all of the steps and hopefully in 24 hours I will get all of my deleted  oops  emails back ,2024-03-02T22:06:21Z,0,0,0.0,0.0,Neutral
@GillettePretPakket,You saved my ass  Thank you so much  otherwise i didnt get my tickets for a festival   ,2024-03-01T17:37:16Z,0,0,0.2,0.2,Positive
@melissadubois7384,AWESOME  Thank you so much  I got my emails back too  whew ,2024-03-01T15:02:14Z,0,0,0.39999999999999997,0.39999999999999997,Positive
@-Jamie,Recovery result Unfortunately  your missing emails were permanently deleted  and we can t get them back   Great  ,2024-02-26T04:30:39Z,1,1,0.45,0.025000000000000022,Positive
@GillettePretPakket,Even when you changed youre password by the missing site ,2024-03-01T17:31:20Z,0,,0.05,-0.2,Negative
@charlesjohnson154,This video doesn t show a person how to retrieve emails that have been deleted after 30 days  In fact  email can t be recovered after 30 days  What a waste of time making this video ,2024-02-23T14:00:32Z,7,1,0.0,-0.2,Negative
@GillettePretPakket,I did this and i get 8 985 emails back    Since 2022    ,2024-03-01T17:30:27Z,0,,0.0,0.0,Neutral
@michellec7996,Thank you  I got my emails back but I have a question  If you accidently marked an unknown number of emails from many different senders as  report as spam and unsubscribe  do you still need to re subscribe once they are restored  How do you know which ones you need to re subscribe too ,2024-02-23T02:06:57Z,0,0,0.45999999999999996,0.1,Positive
@sahelidutta9906,It worked    For those it s 99    Change password and it will work  ,2024-02-07T14:16:26Z,0,1,0.0,0.0,Neutral
@littlemissmuffin,Thanks so much for this tidbit ,2024-03-17T23:14:00Z,0,,0.2,0.2,Positive
@poohdabee,Thank you so much   ,2024-01-25T00:45:26Z,0,0,0.2,0.2,Positive
@user-hkssf,Thank you sooo much  It worked for me and I needed this email  ,2024-01-24T18:47:32Z,0,0,0.2,0.2,Positive
@gpvrielle,This was so helpful  Thank you so much  ,2024-01-23T19:40:18Z,0,0,0.2,0.2,Positive
@addycoxx,Worked    thx for the tip,2024-01-21T08:05:43Z,0,0,0.0,0.0,Neutral
@fionamambo2374,It worked  You are a life saver  Thank you  ,2024-01-18T20:56:07Z,0,0,0.0,0.0,Neutral
@YangShiying1,THANK YOU    Saved my life,2024-01-18T16:14:49Z,0,0,0.0,0.0,Neutral
@neerumallaaishwaryaneeruma1949,Actually it is stopped at 99 but when I choose change password it came,2024-01-15T16:26:58Z,0,0,0.1,0.0,Neutral
@chinthanashok8555,It worked thanks a tonnn  ,2024-01-14T08:31:57Z,0,0,0.2,0.2,Positive
@omerts3,Worked amazingly ,2024-01-13T21:14:33Z,0,0,0.9,0.6000000000000001,Positive
@nataliephillips2781,Thank you so MUCHHHHHH,2024-01-13T17:43:40Z,0,0,0.0,0.0,Neutral
@linieshamurali5490,Wow  Its actually working  Thank You  ,2024-01-04T14:36:27Z,0,0,0.55,0.05,Positive
@dawahkids4,it doesint work still delteed forever before I went to trash then I deleted from trash from a person beczuce I  got angry pls how do I get it back does not work did everything but now work,2024-01-03T23:35:10Z,2,0,0.5,-0.25,Negative
@antonglas7488,Tried this on all my 5 gmail accounts  doesn t work ,2024-01-03T14:26:14Z,1,0,0.0,0.0,Neutral
@neerumallaaishwaryaneeruma1949,99 it s not coming,2024-01-03T11:33:42Z,1,0,0.0,0.0,Neutral
@julianarizkiamalia,Thanks for your help  it s work for me,2024-01-03T09:59:35Z,0,0,0.2,0.2,Positive
@user-kj8yg4px6q,Thank you SO much for this information  Worked perfectly for me ,2024-01-02T19:31:46Z,0,0,0.6,0.6,Positive
@MsPeggy101,Hi  Just want to say thank you very much  It worked for me  You have no idea how much you ve helped me  Thanks again ,2024-01-01T07:56:56Z,4,0,0.22,0.22,Positive
@jenniferhamblin5002,i accidentally deleted all my mail  I will try searching ,2023-12-14T15:24:26Z,0,0,0.0,0.0,Neutral
@toluwanio.8332,Thank you   It worked on my iPhone ,2023-12-11T13:55:34Z,0,0,0.0,0.0,Neutral
@kellycarter6940,what happens when it s stuck at 98  and won t finish,2023-12-07T23:17:37Z,2,0,0.0,0.0,Neutral
@prabhgopi6845,Thanks hun really appreciate it got my emails back may god bless you   ,2023-12-07T09:29:25Z,0,0,0.13333333333333333,0.13333333333333333,Positive
@jensklinggaard3836,You just saved my life  3,2023-12-03T16:59:46Z,0,0,0.0,0.0,Neutral
@jeanettebeital7472,OMG you re a lifesaver ,2023-11-30T12:59:19Z,0,0,0.0,0.0,Neutral
@lianliian88,even it says you can t recover  the mails actually go back to your bin  u just need to move the  bin  label for all of them  for me I have 26000 mails to deal with  but better than nothing,2023-11-19T09:53:40Z,0,1,0.25,0.25,Positive
@JozySeeks,hi there   i got the can t recover message   how do i move the bin label as you are saying   thanks so much   ,2023-11-29T01:15:48Z,0,,0.2,0.2,Positive
@ThePoltegeist,IT WORKED    ,2023-11-18T18:32:33Z,0,0,0.0,0.0,Neutral
@debiulrich,this worked great  Thank you very much  saved me  50 in gift cards,2023-11-16T02:15:47Z,0,0,0.505,0.53,Positive
@azharshaik4333,I can feel you want to speak western slang  just try to be your own ,2023-11-15T13:43:54Z,1,0,0.5,0.3,Positive
@user-rt8zg4hi1r,Useless,2023-11-13T19:13:10Z,4,0,0.2,-0.5,Negative
@cathybaldwin3156,This worked thank you   Life saver,2023-11-09T16:12:38Z,0,0,0.0,0.0,Neutral
@mnm202,thanks  it works   ,2023-11-05T07:04:55Z,0,0,0.2,0.2,Positive
@adrastea2127,Sister  how can I recover my notes that I accidentally deleted from Samsung Notes  I deleted it from the recycle bin too  I feel bad   ,2023-10-31T20:26:40Z,1,0,0.6666666666666666,-0.6999999999999998,Negative
@PJG1710,Trying it now 10 31 23    Still want to understand the root cause   Confirm account information  You are currently logged in and trying to recover lost emails for XXXXXXXXXXXXXXXXXX    We will try to recover emails that were deleted within the last 30 days      UPDATE  10 31 23 5 25 PM EST   What was recovered  1035 emails were the ones I deleted over the last 30 days  What I had filed in my folders are still  MISSING     Disappointing   Not sure what I can do going forward to protect emails older than 30 days which are filed in folders    ,2023-10-31T19:04:34Z,0,0,0.35793650793650794,-0.12619047619047621,Negative
@terrell4794,Useless video,2023-10-27T10:05:18Z,0,0,0.2,-0.5,Negative
@debrassanders,This worked   ,2023-10-25T17:14:25Z,0,0,0.0,0.0,Neutral
@volodymyru2760,It worked  Thanks    ,2023-10-24T23:35:04Z,0,0,0.2,0.2,Positive
@siyabongamsimanga5000,Totally useless She s just babbling no help at all  her accent is so bad,2023-10-23T08:29:03Z,0,0,0.43333333333333335,-0.5999999999999999,Negative
@mokwunyeashionyedue4477,Thanks dear this saved me yesterday night love you,2023-10-23T06:44:23Z,0,0,0.4,0.35,Positive
@user-gs1vb7os7m,useless,2023-10-14T17:31:33Z,5,0,0.2,-0.5,Negative
@diannewilliams9950,Thank you ,2023-10-11T03:19:10Z,0,0,0.0,0.0,Neutral
@dra7764,Perfect   ,2023-10-09T04:53:55Z,0,0,1.0,1.0,Positive
@karla7363,Thank you so much ,2023-10-06T13:47:29Z,1,0,0.2,0.2,Positive
@garinarabian,Thank you  It worked ,2023-10-06T09:07:44Z,0,0,0.0,0.0,Neutral
@personalgrowth8514,Options is not showing,2024-04-18T19:12:43Z,0,0,0.0,0.0,Neutral
@douniabya4378,Thanks,2024-04-01T10:05:40Z,0,0,0.2,0.2,Positive
@user-rp1pc2wb7d,chrome   settings ,2024-03-18T03:23:35Z,0,0,0.0,0.0,Neutral
@tariqueofficial7401,Thank you so much  ,2024-03-10T18:55:14Z,0,0,0.2,0.2,Positive
@user-kc8mr5sd4z,Idiot tutorial,2024-03-06T19:56:00Z,0,0,0.8,-0.8,Negative
@bahattinumur135,Thank you very much   I found the answer only your video ,2024-02-04T10:17:04Z,1,0,0.63,0.13,Positive
@sujal...............,Thanks   ,2024-01-16T14:28:23Z,1,0,0.2,0.2,Positive
@samdanisanam,Thanks      I love u  I love u  I love u    thank u     ,2024-01-09T18:22:52Z,1,0,0.5,0.425,Positive
@SonuGupta-xl8wh,Thank you  ,2024-01-09T04:19:19Z,1,0,0.0,0.0,Neutral
@user-vt8xe1qm6, ,2023-12-16T07:59:42Z,1,0,0.0,0.0,Neutral
@shoptimelessboutique5858,Thank you ,2024-04-30T14:22:00Z,0,0,0.0,0.0,Neutral
@lucianacopacaba9826,ok but can u do a preview im so shy and im scared cuzs i am a kid,2024-04-21T02:03:49Z,1,0,0.5,0.0,Neutral
@realcatpfp,thx,2024-01-27T16:34:04Z,0,0,0.0,0.0,Neutral
@stormcloaksoldier3513,little indian bro already doing those  how to  videos    Fly high  my little punjabi,2024-01-26T18:34:18Z,1,0,0.61,0.14625000000000002,Positive
@johnwilburn8524,could not understand the person describing how to clear cache,2024-01-22T19:42:02Z,4,0,0.3833333333333333,0.10000000000000002,Positive
@sharonr.ayersman5888,Absolutely nothing happens on my computer ,2024-01-12T13:35:09Z,3,1,0.9,0.2,Positive
@kNoCKs,your probably hitting back space and not delete,2024-04-08T13:21:20Z,0,,0.0,0.0,Neutral
@IsoMSS,Thank you,2024-01-10T22:32:52Z,0,0,0.0,0.0,Neutral
@sankalansen8146,Thank you mam,2023-10-22T12:07:53Z,1,0,0.0,0.0,Neutral
@TheAndromeda24,YES  Thank you so much  You deserve flowers ,2024-04-29T01:51:45Z,0,0,0.2,0.2,Positive
@thepeacewizardwow6383,DONT GIVE ADVICE,2024-04-13T23:48:37Z,2,0,0.0,0.0,Neutral
@poojachaudhary7195,thank you ma am,2024-04-10T08:37:14Z,0,0,0.0,0.0,Neutral
@BekzodIsmoilov-qd5zy,Thank you   It solved my issue dear    ,2024-04-07T02:09:58Z,0,0,0.0,0.0,Neutral
@ItsJohnMarstonMicahh,Here for mojave   ,2024-03-30T04:50:32Z,1,1,0.0,0.0,Neutral
@Kejaishdhejjsbshsbebe,Me too,2024-03-30T13:15:36Z,0,,0.0,0.0,Neutral
@2ndRodeo_Keziah,Thank you   but next time  maybe turn up the gain on your mic input       ,2024-03-28T21:43:33Z,0,0,0.0,0.0,Neutral
@cosmosxd,why does this channel have 391k subs  this is literally a little kid  the older videos from 9 yrs ago sound like a 20 yr man wtf ,2024-03-01T05:16:29Z,0,0,0.5583333333333333,-0.030208333333333337,Negative
@berryerpacic9995, programming knowledge  how old are you  10  also i cant hear nothing   sry but this was just a waste of time  ,2024-02-26T03:46:23Z,1,0,0.1,-0.05,Negative
@RealArtVandelay,WHAAAT  ,2024-02-01T22:19:33Z,0,0,0.0,0.0,Neutral
@reymicroc,windows 11 activates my mic as soon as I open obs but I m not using it and creates echo effect,2024-01-22T05:30:08Z,1,4,0.5,0.0,Neutral
@rajgamer2.040,Whenever I live stream from OBS  I hear my team s voice fine but the voice gets echoed on the stream  Do you know why ,2024-01-23T16:08:42Z,0,,0.5,0.2765151515151515,Positive
@Prvda999,Everybody s voice works fine but the gameplay echoes in my recordings,2024-03-12T05:11:14Z,0,,0.5,0.4166666666666667,Positive
@rajgamer2.040,  Prvda999 i know how to fix it give me your insta i will send you tutorial,2024-03-12T05:19:06Z,0,,0.0,0.0,Neutral
@itzsaptr,same    Prvda999,2024-04-28T22:56:33Z,0,,0.125,0.0,Neutral
@Fliper_gt,THANK YOU SOOOO SOOO MUCH               ,2023-12-07T18:46:32Z,0,0,0.2,0.2,Positive
@THEREALDPVRK,lazy effort,2023-11-18T18:15:06Z,1,0,1.0,-0.25,Negative
@iva4856,Ironic that this video has a serious audio issue with it yet it is supposed to be a demo of how to fix your audio in OBS ,2023-10-15T04:25:28Z,42,2,0.7833333333333333,-0.06666666666666665,Negative
@ghettosoundentertainment1351,LOLZZZ,2023-12-06T15:38:06Z,0,,0.0,0.0,Neutral
@thrive652,right ,2023-12-11T23:11:46Z,1,,0.5357142857142857,0.2857142857142857,Positive
@GoosebeatsTV,you re so quiet,2023-09-22T20:18:38Z,1,0,0.3333333333333333,0.0,Neutral
@TageTaminITOfficer,fuck cant hear a word you saying  its funny the video is about audio extract,2024-04-24T09:41:39Z,0,0,0.8,-0.07500000000000001,Negative
@GuitarUniverse2013,I hope you understand that 95  of all the people in the world can t possibly understand what you re saying  maybe if you slow down  Maybe if you open your mouth mouth  Maybe if you enunciated your vowels  Or  maybe if I had grown up where you grew up I can understand you  But I didn t  so I can t  Bye bye,2024-02-06T02:50:58Z,1,0,0.5472222222222223,-0.1138888888888889,Negative
@Noobelix2,how do you fix it if it s offsync ,2024-02-03T03:10:18Z,1,0,0.0,0.0,Neutral
@petersondanielsimmerseinmu51,What if a video has dual audio   How do you then extract a particular audio from it ,2024-01-24T14:54:16Z,6,0,0.3333333333333333,0.16666666666666666,Positive
@SOLORIDER-BDVT,what a voice   wavvv your voice is wavv i went to Russian vacant nuclear site where nobody is there to disturb me to hear your voice  wavvv what a loud voice and also didnt get the result   lol,2024-01-13T17:43:26Z,3,1,0.5,0.3,Positive
@QuickClear34, ,2024-01-19T16:09:57Z,1,,0.0,0.0,Neutral
@jit5264,great video,2024-01-11T01:15:36Z,0,0,0.75,0.8,Positive
@muhammadwaqas-vo2tf, mp3 put in brower name at last then audio export,2024-01-05T03:03:50Z,0,0,0.06666666666666667,0.0,Neutral
@siete-g4971,thanks,2023-11-12T23:20:16Z,1,0,0.2,0.2,Positive
@pastoryoda2789,Your Audio is soo low,2023-10-26T17:41:05Z,2,0,0.3,0.0,Neutral
@LivingStyleVlogs,I m new subscriber,2024-04-29T15:31:51Z,0,0,0.45454545454545453,0.13636363636363635,Positive
@MDU.question_paper,Customize channel option is not there   what to do ,2024-04-07T18:21:29Z,0,0,0.0,0.0,Neutral
@neovincibeats,Dosent work for me,2024-01-05T21:12:14Z,3,0,0.0,0.0,Neutral
@enoritious,Thank you for the tip  really useful ,2023-12-28T10:45:33Z,0,0,0.0,0.3,Positive
@FirdousTechS,Low voice    ,2023-07-05T04:09:45Z,0,0,0.3,0.0,Neutral
@YKoli5678,thanks its helpful ,2024-01-11T04:36:35Z,0,0,0.2,0.2,Positive
@zingbawisungzingbawisung9276,zing bawi sung myanmar,2023-07-03T18:51:46Z,1,0,0.0,0.0,Neutral
@dem3757,when i open a new tab i dont see it,2023-07-09T06:08:09Z,7,3,0.4772727272727273,0.06818181818181818,Positive
@yoru3180,same,2023-08-16T15:23:54Z,0,,0.125,0.0,Neutral
@user-di8qv2hx7p,WHERE IS THE PEN               ,2023-11-20T10:00:28Z,0,,0.0,0.0,Neutral
@gabyyy_feaa4635,Yes  I don t see it either ,2024-01-18T14:24:18Z,0,,0.0,0.0,Neutral
@user-ep8nm6sn5t,Attitude Indian girls    ,2023-11-21T18:29:01Z,0,0,0.0,0.0,Neutral
@ritenderpritsingh,Isn t this channel underrated  ,2023-06-30T12:41:15Z,2,1,0.0,0.0,Neutral
@OGFluffduck,Fr though ,2023-09-28T20:58:00Z,1,,0.0,0.0,Neutral
@user-qb2fb7eu9w,Thank God I read the transcript ,2024-04-30T07:37:16Z,0,0,0.0,0.0,Neutral
@shravyakraleti5320,I have tried the same and downloaded the zip file  however when I m unable to extract the data  it s giving me  unexpected end of archive  and  either multipart or corrupt zip archive  error  Pls let me know how to extract data after I downloaded it,2024-02-19T19:19:53Z,1,0,0.65625,-0.225,Negative
@rubayetraihan1660,you talking so fast  that s good but I couldn t understand lot of words   so why    ,2024-02-11T19:12:43Z,2,2,0.6000000000000001,0.44999999999999996,Positive
@hitesh__soni9560,You can slow the speed of video,2024-04-06T16:41:31Z,0,,0.39999999999999997,-0.30000000000000004,Negative
@sulman36,That s your problem  slow down the video or rewatch it,2024-05-03T03:58:38Z,0,,0.34444444444444444,-0.2277777777777778,Negative
@Legend14385,  good  ,2024-02-11T11:46:15Z,0,0,0.6000000000000001,0.7,Positive
@ganeshseetan1988,Thanks and I love your voice and accent ,2024-01-14T10:09:20Z,0,0,0.4,0.35,Positive
@astrovinetparekh319,if i use ur method  for multiple photo which are in my drive many are not compressed and zip properly half are leftout  i have almost 1036 photo in one folder which i need to download do u have any solution    ,2024-01-03T03:23:47Z,0,0,0.2222222222222222,0.11111111111111112,Positive
@Noob-pm9jb,Thanks you gain a subscriber,2024-01-02T09:32:49Z,0,0,0.2,0.2,Positive
@youtuberandblogger-dibyapa3209,Very Good I felt I like a piece of cake while doing it   Good explanation with easy steps keep it up ,2023-09-10T20:21:32Z,2,0,0.737777777777778,0.681111111111111,Positive
@daneenaish3211,Priority ,2023-08-08T13:37:23Z,1,0,0.0,0.0,Neutral
@daneenaish3211,What is the difference of selecting the file size 1GB to 50Gb  Like what is the purpose  What shoud be the prioy ,2023-08-08T13:36:43Z,1,1,0.0,0.0,Neutral
@eyemovie824,if you choose 2 gb  you can t download more than 2gb file with one click   its good to keep it 50 gb,2023-10-27T03:58:07Z,0,,0.55,0.6,Positive
@ScrangifyingEditz,for me it says 6gb of free space is needed in some random folder,2024-04-26T19:22:59Z,0,0,0.65,-0.04999999999999999,Negative
@ChetanSharma-mc5kr,Bluestacks app player aa hi nahi rha and bluestacks X se bhi app player open nahi ho rha  Google player store open nahi ho rha ,2024-04-25T06:19:51Z,0,0,0.5,0.0,Neutral
@Moeinafzal,My pc core i3 4gb ram no graphic card nothing but blue stack 10 successfully installed,2024-04-18T16:02:02Z,0,0,0.48333333333333334,0.25,Positive
@mairoldpeters5182,it doesnt open when i try to,2024-04-12T20:33:23Z,0,0,0.5,0.0,Neutral
@MDJOBEDOfficial,VN Vdioe pc,2024-03-07T11:48:58Z,0,0,0.0,0.0,Neutral
@MrAnonymous84,Big respect to you sir ,2024-02-25T00:07:47Z,0,0,0.1,0.0,Neutral
@Kanosuuuba,I needed this for a competition for 30 thousand,2024-02-20T19:47:09Z,0,0,0.0,0.0,Neutral
@udaanian,Windown 10 me download kr skt3 h,2024-01-13T06:09:05Z,0,0,0.0,0.0,Neutral
@user-rz4en1jx1f,oh my              thanks bro,2024-01-10T13:08:13Z,0,0,0.2,0.2,Positive
@eagle5705,it is safe ,2023-12-16T18:15:56Z,0,0,0.5,0.5,Positive
@user-lb4wd2vh4g,Lol for windows 10 users,2023-12-02T16:36:53Z,0,0,0.7,0.8,Positive
@thesmartfilesstudios3809,App player not responding,2023-11-23T19:14:56Z,0,0,0.0,0.0,Neutral
@Viperrito,I cannot play Brawl Stars  it does not appear like the option to download it  well  the Brawl Stars doesn t even appear ,2023-11-17T06:22:06Z,0,0,0.0,0.0,Neutral
@nubenoticias1340,You didnt even show how to configure playstore    sorry but poor video   ,2023-11-11T22:01:12Z,1,0,0.8,-0.45,Negative
@TheSoulPunisherUno,you have earned one dislike from me for clickbaiting all of us who were searching for a solution by giving this crap ,2023-11-04T17:08:18Z,0,0,0.8,-0.8,Negative
@user-vt3ld6bx3z,bro it said cannot run bluestack clearly in your video how are we supposed to fix that  ,2023-11-03T07:01:13Z,11,0,0.3833333333333333,0.10000000000000002,Positive
@flavaa9494,tried downloading minecraft it just keeps asking me to restart my pc and after doing it a couple of times it just doesnt seem to work,2023-10-30T04:27:40Z,5,0,0.0,0.0,Neutral
@aarav305,i have a question can u answer it pls,2023-10-28T14:37:38Z,0,0,0.0,0.0,Neutral
@aarav305,i have a question,2023-10-28T14:37:08Z,1,0,0.0,0.0,Neutral
@uditupadhyay3162,Thank you  ,2023-10-15T05:01:42Z,0,0,0.0,0.0,Neutral
@mustafaarnold-fh6od,thanks,2023-09-12T12:13:10Z,0,0,0.2,0.2,Positive
@adarshs4359,How to sign In playstor in this version,2023-09-06T13:11:47Z,0,0,0.0,0.0,Neutral
@filmocreate56,Brother  is blue stacks a safe website,2023-08-29T16:32:45Z,0,1,0.3,0.25,Positive
@niteshrao8735,Yes bro,2023-09-02T14:31:11Z,0,,0.0,0.0,Neutral
@cooperentertainmentstudio4948,App player is a piece of shix,2023-08-25T21:41:17Z,0,0,0.0,0.0,Neutral
@darkizofficial,Thank you my man ,2023-08-22T14:54:54Z,4,0,0.0,0.0,Neutral
@Kannadadailyupdate,cannot start bluestacks  please send problem report  ,2023-08-20T11:54:30Z,1,0,0.0,0.0,Neutral
@shivambagwan7936,Hello bro Bluestack ke andar yadi koi aap me vedio dekh rahe hai or us vedio ko download krna ho to kese kare ge     Reply Please,2023-08-11T12:49:29Z,0,0,0.0,0.0,Neutral
@makilende,My app player is not opening  and kinda feels like I pause or something like it,2023-08-07T14:03:49Z,5,0,0.0,0.0,Neutral
@Iciwitty,Yeah  nothing on that works for me  I do all that it said and my computer says   Something is wrong  error code  26   they then proceed for me to check FAQs and details but that didn t have any use for the issue that I am having  The other versions used to work for me on my other computer but now  comparing to all that I have to research just to make it work  it s like I need to go get a degree for it ,2023-08-05T04:26:21Z,16,1,0.5499999999999999,-0.25,Negative
@muhammadyusufmishbah2909,Same,2023-09-08T07:21:33Z,0,,0.125,0.0,Neutral
@ClashPlays2024,man  i see that you cant run app player as well as me    3 32 how can we fix this  damn windows 11   ,2023-08-03T15:06:19Z,7,1,0.0,0.0,Neutral
@Woodlin94,yup thats me to  any fix ,2023-09-24T22:48:21Z,0,,0.0,0.0,Neutral
@klodgultiano1046,this dumb4ss just ignore the  Cannot start bluestacks ,2023-07-24T12:28:27Z,0,0,0.0,0.0,Neutral
@d.r.s7137,In mine Bluestack 5 gets installed when I try to download Bluestack X,2023-07-16T09:03:22Z,3,0,0.0,0.0,Neutral
@kazuma5038,mc pc just crashed installing bluestacks X and it is brand new   ,2023-07-13T11:08:54Z,38,18,0.45454545454545453,0.13636363636363635,Positive
@Mohammed.1471,Same  ,2023-07-15T04:53:05Z,3,,0.125,0.0,Neutral
@mayurbhavsar2885,same,2023-07-29T18:02:55Z,1,,0.125,0.0,Neutral
@cheenasachdeva6612,Same,2023-08-02T10:13:02Z,0,,0.125,0.0,Neutral
@desooooooooooooooo,same,2023-08-06T22:57:58Z,0,,0.125,0.0,Neutral
@sanjaysoni2259,same   do you find any solution,2023-08-13T23:21:18Z,0,,0.125,0.0,Neutral
@easyj,just enable disable hyperV on your pc and you should not get the blue screen crash,2023-08-16T22:41:16Z,1,,0.1,0.0,Neutral
@desooooooooooooooo,THANK YOU  easyj,2023-08-17T03:39:21Z,0,,0.0,0.0,Neutral
@easyj,  desooooooooooooooo no problem mate,2023-08-17T08:55:54Z,0,,0.0,0.0,Neutral
@snipershot3237,Couldn t be me    ,2023-08-23T01:14:47Z,0,,0.0,0.0,Neutral
@ClashPlays2024,It s windows 11  damn ,2023-08-23T13:32:15Z,0,,0.0,0.0,Neutral
@mrxofficial69,Same bro,2023-09-16T07:14:24Z,0,,0.125,0.0,Neutral
@suryakantjamdar1072,   easyjhow to do this step,2023-11-04T16:22:35Z,0,,0.0,0.0,Neutral
@moveu5978,Same anyone find the sol  ,2023-11-21T14:20:04Z,0,,0.125,0.0,Neutral
@adityaprasad2372,Same here   idk why,2023-11-22T15:33:27Z,0,,0.125,0.0,Neutral
@Notmeeop,Turn on vertulaigation,2024-01-04T00:50:55Z,0,,0.0,0.0,Neutral
@user-vx2qp6qd4k,Same,2024-04-28T04:30:38Z,0,,0.125,0.0,Neutral
@user-vx2qp6qd4k,   easyjwhat is HyperV and where do I find it ,2024-04-28T04:31:21Z,0,,0.0,0.0,Neutral
@easyj,  user vx2qp6qd4k look it up on google  you will see a lot of tutorial  hyper V is part of the system  handle virtualization stuff,2024-04-28T07:17:12Z,0,,0.0,0.0,Neutral
@void6333,why does it go to blue screen when i install it pls help,2023-07-02T12:27:46Z,3,1,0.1,0.0,Neutral
@EliasIzumi,same boss fk send help,2023-09-09T05:21:58Z,0,,0.125,0.0,Neutral
@Rybay,cant hear you,2024-03-12T13:13:41Z,1,1,0.0,0.0,Neutral
@Rybay,and i do not get the join from my browser option   ,2024-03-12T13:14:58Z,0,,0.0,0.0,Neutral
@shameakther569,Nice bro good working     ,2023-10-25T14:40:13Z,0,0,0.8,0.6499999999999999,Positive
@user-en3wo7ll5j,I run sudo apt install build essential But my g   version and gcc version are 9 04,2024-02-18T09:50:03Z,0,0,0.65,0.3,Positive
@Buntyshah95, Invalid opretion          ,2024-02-06T16:43:05Z,0,0,0.0,0.0,Neutral
@prasad4718,Thank you  ,2024-02-03T13:51:40Z,0,0,0.0,0.0,Neutral
@MaazAslam-wg7hw,so with this both c   and c are installed ,2024-01-01T14:51:08Z,0,1,0.0,0.0,Neutral
@prasad4718,Yes ,2024-02-03T13:52:04Z,0,,0.0,0.0,Neutral
@arthurwolf7641,thanks for the toturial   ,2023-11-22T11:10:32Z,0,0,0.2,0.2,Positive
@myzahra4029,from where i get the pack of c c  ,2023-11-20T22:32:37Z,0,0,0.0,0.0,Neutral
@CSE-C_OFFICIAL_.,When i type my password after executing the command in the terminal  I get  the username  is not in the sudoers file  This incident will be reported  Which 8s on my Ubuntu VM s Terminal   Please help what to do    to sort out this issue   ,2024-04-28T11:10:15Z,1,0,0.0,0.0,Neutral
@salaar_saaiem,i am unable to enter my password  after writing the command  i am using oracle virtual box  can somebody help please,2024-03-02T11:13:53Z,0,3,0.5,-0.5,Negative
@kinzazahra7947,Are you still facing this problem  If you have solved kindly share because i am facing the same issue,2024-03-18T18:47:07Z,0,,0.5125,0.3,Positive
@salaar_saaiem, kinzazahra7947  enter your password  it doesn t show due to security policies  but it is actually taking input  so enter your password and hit enter  ,2024-03-19T04:26:59Z,0,,0.2375,-0.0625,Negative
@salaar_saaiem,   kinzazahra7947due to security policies  it doesn t show the input  but actually you are entering your password      so type your password and Hit Enter   ,2024-03-20T04:58:51Z,0,,0.1,0.0,Neutral
@joeljain10,Thanks,2024-02-08T15:38:36Z,0,0,0.2,0.2,Positive
@Ash-fo4qs,how to install gcc 13,2024-02-05T10:11:59Z,0,0,0.0,0.0,Neutral
@dnasredine,Thanks for this helpful guide on installing GCC  the C compiler  on Ubuntu 22 04 LTS    Your step by step instructions make it easy for both beginners and experienced users to set up GCC and start coding in C  The use of the build essential package is a smart choice  ensuring that we get all the necessary tools in one go  Your clear explanations and verification steps make the process smooth  Ready to dive into the world of C programming on Ubuntu        Ubuntu  GCC  CCompiler  Linux  ProgrammingKnowledge2,2024-01-18T15:13:38Z,0,0,0.5843915343915344,0.2608465608465609,Positive
@nikhildcunha4335,very clear  worth watching it,2023-11-29T06:26:13Z,2,0,0.29916666666666664,0.21500000000000002,Positive
@user-cx8mv5mc1v,top notch video  thanks ,2023-10-29T16:31:34Z,0,0,0.35,0.35,Positive
@joelcioborges2570,Good explanation    It was very useful for me ,2023-10-07T18:43:58Z,0,0,0.30000000000000004,0.5449999999999999,Positive
@aryansnagar,hey  so if i change anything in file i need to recomplile everything again  or i can just cintinuee with only   test c  command,2023-09-09T12:22:34Z,0,1,1.0,0.0,Neutral
@yadpreet7454,u have to complile again,2023-09-10T02:37:05Z,1,,0.0,0.0,Neutral
@TRISTANYAHIRROMEROFLORES,THANKS  SO MUCH MASTER,2023-09-07T02:32:10Z,0,0,0.2,0.2,Positive
@ayushpandey3956,Thanks sir very easy explanation,2023-08-26T16:07:14Z,0,0,0.6,0.3816666666666667,Positive
@raviranjankumar5265,Great explanation sir ,2023-08-09T14:39:35Z,0,0,0.75,0.8,Positive
@user-ev4ol5cl3p,Why in my laptop I am not getting the output in the browser,2024-04-24T12:26:31Z,0,0,0.0,0.0,Neutral
@adarshverma5403,Thanks,2024-04-17T14:02:26Z,0,0,0.2,0.2,Positive
@chefgeline3219,Thabks so much ,2024-03-22T10:07:27Z,0,0,0.2,0.2,Positive
@MsPriyaLal,good tip helped me today   ,2024-02-24T02:01:31Z,0,0,0.6000000000000001,0.7,Positive
@zukxxxx0,Hii  can I record my lecture on Teams  I usually use browser tab to join the Teams call    Can I follow these steps ,2024-02-17T19:44:58Z,1,0,0.25,-0.25,Negative
@thatinternetguy35,can you save it ,2024-01-20T06:03:57Z,0,0,0.0,0.0,Neutral
@Jaxodahomie,Thank you,2023-11-12T23:11:07Z,0,0,0.0,0.0,Neutral
@abhisheklal00,This only records the selected tab  Is there a way to record all tabs so I can switch between tabs without losing the recording ,2023-08-14T01:11:44Z,1,0,1.0,0.0,Neutral
@DopeLedo,How do i remove audio mixeer settings ,2024-02-14T01:48:47Z,0,0,0.0,0.0,Neutral
@Astruko,Thank you alot for making this video  Very easy to understand   in depth ,2023-12-11T01:47:43Z,0,0,1.0,0.5633333333333334,Positive
@Rakunx,Thank you so much  ,2023-09-27T01:39:38Z,0,0,0.2,0.2,Positive
@1Pratt,thank you,2023-07-17T11:32:32Z,0,0,0.0,0.0,Neutral
@MStudiosGamez,x,2024-02-27T15:41:10Z,0,0,0.0,0.0,Neutral
@Punlio,You are a legend brother  Love from Australia ,2023-08-04T12:14:53Z,0,0,0.6,0.5,Positive
@ya_yEet771,Mine doesn t show up when I click on it   any reason why ,2023-12-20T00:08:31Z,1,0,0.0,0.0,Neutral
@sandali_dz,My phone doesn t have a feature saying customise then what can I do,2023-10-11T16:03:03Z,2,2,0.0,0.0,Neutral
@elladaly-Daly,Same and I m so confused,2024-01-22T00:04:56Z,0,,0.4125,-0.2,Negative
@sandali_dz,  elladaly Daly i figured out how to do it actually i just had to update the ios  mine was in a previous version and the customising is available for ios 17  you also  try out updating your ios then it ll come automatically,2024-01-26T02:14:50Z,0,,0.22222222222222224,0.07777777777777779,Positive
@gamingvideos901,https   youtu be shHmSmTj dw,2023-06-20T09:06:54Z,0,0,0.0,0.0,Neutral
@salmanmalik7234,Thank you sar,2023-11-11T17:17:19Z,0,0,0.0,0.0,Neutral
@julien.b7812,Thanks    ,2023-09-12T21:16:49Z,0,0,0.2,0.2,Positive
@kimikevin,Nice video,2023-06-11T22:05:41Z,0,0,1.0,0.6,Positive
@geoffwhiles8223,This is a wonderful Tutorial  As a newbie it is detailed and concise  Job Done  Thank you so much for a superb easy to follow video  Oh  I have subscribed as well ,2024-04-19T09:01:27Z,0,0,0.7305555555555556,0.5222222222222223,Positive
@Ddotsun,i can run them in steam using proton but alot of apps say im not on windows and wont let me install exe,2024-04-16T22:21:13Z,0,0,0.0,0.0,Neutral
@surajbinnewale4933,this is amazing,2024-03-30T16:44:23Z,1,0,0.9,0.6000000000000001,Positive
@surajbinnewale4933,wow thanks,2024-03-30T16:44:06Z,1,0,0.6,0.15000000000000002,Positive
@jus_jax6203,Ass tutorial ,2024-03-07T20:58:28Z,0,0,0.0,0.0,Neutral
@kannanm3850,When i install msi   it asks  NET 4 0 Client profile  How to manage this ,2024-03-05T11:31:24Z,0,0,0.0,0.0,Neutral
@Sohrab_Qureshi,now how to uninstall,2024-03-05T09:51:16Z,0,0,0.0,0.0,Neutral
@technicaldroid4567,Can i use everything search software through Wine ,2024-02-23T15:25:07Z,1,0,0.0,0.0,Neutral
@anandkumarkalluri2227,Useful video,2024-02-22T09:13:20Z,0,0,0.0,0.3,Positive
@MorganEdgy,So now there s even less reason to keep using Windows,2024-02-03T10:05:41Z,3,0,0.06666666666666667,-0.16666666666666666,Negative
@Creative_404,  for users Ubuntu 23 10  if u hace error that sayin terminal cant find  winehq stable  just type  sudo apt install   install recommends wine stable   just type wine not winehq iw was tring try to figure it out like 1 hourXD,2024-01-17T01:34:23Z,3,0,1.0,0.6,Positive
@Godolfstan,As Long as the great Linux programmers are Not even capable of providing files which Install themselfs by Just Double clicking  guess what  there will never be large amounts of Users switching from Windows top Linux  Uh  Ubuntu  Debian aso  Differences  really  I do have to have Kind of programming skills to use this stupidity  really  Get ur Heads straight      and   try again    ,2023-12-16T08:59:53Z,2,0,0.4707792207792209,0.20584415584415583,Positive
@seca0815,Can i run any exe windows tools  I need airexplorer,2023-12-15T01:42:03Z,0,0,0.0,0.0,Neutral
@MohamedElshafiy,legendary,2023-12-01T11:40:43Z,0,0,1.0,1.0,Positive
@aashirahmed3153,After entering source code for ubuntu 20 04 it is not working properly i am getting 304 not modified,2023-11-28T20:49:28Z,1,0,0.1,0.0,Neutral
@mark2020,Hi this was super helpful   The WINE part was good  BUT the most helpful part was just watching you  Open The Terminal    I am so new to Ubuntu that simple things like that are being brushed over by so many Linux youtubers because they assume everyone knows all about that sort of thing   I unfortunately do not   Can you recommend a good series teaching individuals new to Linux  the basic steps in loading software onto the Ubuntu platform ,2023-11-15T18:28:33Z,8,1,0.4881583694083693,0.27133838383838377,Positive
@MorganEdgy,https   www youtube com playlist list PLrW4kXWyzgoJgN3Ebo3LGoyJvNZiDMWi9 This kind man already did something like that,2024-02-03T10:06:49Z,0,,0.9,0.6,Positive
@HasanboyKarimjonov,it works  thank you so much,2023-11-14T05:50:21Z,0,0,0.2,0.2,Positive
@MdSumonHossainShohan,I think  without notepad   wine nothing run just only run notepad    Most of the tutorials use notepad   for the wine setup  Can you explain ,2023-10-05T17:08:26Z,4,1,0.75,0.25,Positive
@najmuzahirmunawar8279,because it just for showcae ,2023-12-25T00:56:30Z,0,,0.0,0.0,Neutral
@tawhid9400,hey bro my version is 21 2 victoria  what can i do ,2023-09-29T00:39:08Z,2,0,0.0,0.0,Neutral
@kks5705,Hi  I encounter Error 1001  InstallUtiLib dll ClrCreateManagedInstance hr 0x80004001   Not implemented ,2023-09-10T08:59:53Z,2,0,0.0,0.0,Neutral
@doraemon_hub_sh,Thank you bro,2023-09-06T14:25:33Z,0,0,0.0,0.0,Neutral
@Mhdiaslanidev,Ur a linux user and u don t use firefox ,2023-08-30T17:34:02Z,15,11,0.0,0.0,Neutral
@_RonaK__,Ya I also want to know  How he is using chrome,2023-11-19T17:22:35Z,3,,0.0,0.0,Neutral
@pranjalgajaya702,  _RonaK__ I uses linux and uses chrome  ,2023-11-21T10:40:32Z,2,,0.0,0.0,Neutral
@_RonaK__,  pranjalgajaya702my PC is 4gb ram and I m using Linux Can I also use windows apps on Linux without lag,2023-11-22T03:33:44Z,1,,0.0,0.0,Neutral
@pranjalgajaya702,  _RonaK__ not all windows app but only few ,2023-11-22T08:34:18Z,1,,0.55,-0.1,Negative
@_RonaK__,  pranjalgajaya702 like  ,2023-11-23T05:59:52Z,1,,0.0,0.0,Neutral
@hardVatsuki,braindead comment section,2023-12-19T17:56:24Z,0,,0.0,0.0,Neutral
@Vincent28238,Yeah that s illegal,2024-02-03T16:47:24Z,2,,0.5,-0.5,Negative
@ComikaGD,  pranjalgajaya702same here,2024-03-03T15:17:19Z,0,,0.0,0.0,Neutral
@MahnusiaHitamBonar,Maybe its chromium with custom icon,2024-03-03T15:32:03Z,0,,0.0,0.0,Neutral
@jus_jax6203,No  FireFox is ass lmao ,2024-03-07T20:57:04Z,0,,1.0,0.6,Positive
@rajniti_247,This will be disrespect of Firefox for Linux  ,2024-04-17T12:00:48Z,0,,0.0,0.0,Neutral
@lacedvr,do u need dev mode ,2023-08-02T03:56:00Z,0,0,0.0,0.0,Neutral
@rishavshaw-zz2uo,But sir what about c   runtime environment and  net framework need for windows software can I install that too  Or the software that need these 2 doesn t work,2023-07-30T10:15:13Z,4,1,0.0,0.0,Neutral
@-.nocturna.-,Wine asked me to download the  NET stuff    but installation of my program failed anyway,2024-03-06T19:48:29Z,0,,0.15,-0.25,Negative
@nielsendavid9543,Thanks so much for this,2023-07-17T13:14:06Z,3,0,0.2,0.2,Positive
@elvinliyev9354,Hello Bro  Thank you very much,2023-06-17T12:57:10Z,1,0,0.26,0.26,Positive
@fernandotorres_137,And how do i delete a version node ,2024-01-19T09:50:42Z,1,0,0.0,0.0,Neutral
@axw-ei3fn,Its working ,2023-12-05T17:35:33Z,1,0,0.0,0.0,Neutral
@user-wy2wd2we4h,Getting connection time out  again and again,2023-11-06T09:46:41Z,2,0,0.0,0.0,Neutral
@vitozdev,Thank you my friend  ,2023-10-18T16:58:11Z,1,0,0.0,0.0,Neutral
@aboud_kan,thank you so much,2024-05-02T18:10:13Z,0,0,0.2,0.2,Positive
@Alvin-eq5rc,Thank you so much brother ,2024-04-28T14:56:52Z,0,0,0.2,0.2,Positive
@daysaver911,This saved my life  Thanks,2024-04-27T17:14:11Z,0,0,0.2,0.2,Positive
@AyeshaKhan-om9mu,Thanks it s helpful  ,2024-04-27T08:55:32Z,0,0,0.2,0.2,Positive
@JOCC07,thanks  you helped me,2024-04-24T02:57:41Z,0,0,0.2,0.2,Positive
@felipearrais5415,Very nice  Can you add the command in the description ,2024-04-08T03:03:34Z,0,0,1.0,0.78,Positive
@kevinmarshall1239,super helpful thanks ,2024-04-07T21:26:47Z,0,0,0.43333333333333335,0.26666666666666666,Positive
@PostMapping,Thank you very helpful   ,2024-03-27T12:09:41Z,0,0,0.3,0.2,Positive
@kapesme,thank you  ,2024-03-17T16:29:52Z,0,0,0.0,0.0,Neutral
@elinjoroge3661,Great tutorial but u failed to give us the command in description,2024-03-17T10:29:23Z,0,0,0.525,0.15000000000000002,Positive
@Carlos1979Mad,well   not 2 days  but 2 hours trying to fix this  ty Sir,2024-03-06T11:55:15Z,0,0,0.0,0.0,Neutral
@thearunmaurya,I have two systems and two emails  I want to set up to GitHub and I want to make two     emails as a team one of admin and one for member   I setup with vs code  my problem is when I push or commit the code git did not ask password and username but I want every time when I push the code git always asks for password and username it also did not find on  azure devops if any solution please help ,2024-03-03T16:45:09Z,0,0,0.0,0.0,Neutral
@manojv2893,Thank you ,2024-02-20T08:18:02Z,0,0,0.0,0.0,Neutral
@nitinrawat5488,is these access will give write access permission to other user who don t owns the repo ,2024-02-17T09:05:22Z,0,0,0.375,-0.125,Negative
@frederickc.skerbergs7133,Brief tutorial  worked perfectly  Thank you ,2024-01-25T13:25:06Z,0,0,0.6666666666666666,0.5,Positive
@saikiran0311,no such remote origin comming bro,2024-01-25T07:26:47Z,0,0,0.35,-0.05,Negative
@ravichandraofficial2935,Thank you bro  it is working ,2024-01-24T05:22:41Z,0,0,0.0,0.0,Neutral
@netvip3r,wow   well done  I was racking my head for 2 days trying to figure out what changes they had made  I had already migrated my repos off of Github  but tried to push some changes on someone else s repo and found myself stuck   Man did it feel good to have migrated out lol,2024-01-20T10:26:35Z,1,0,0.7666666666666666,0.5333333333333333,Positive
@Do_You_Know-sg5jx,Thanks Bro ,2024-01-17T15:48:16Z,0,0,0.2,0.2,Positive
@kayne4701,Thank you ,2024-01-11T08:12:22Z,0,0,0.0,0.0,Neutral
@scube20,thankyou soo muchh bro,2023-12-24T17:50:51Z,0,0,0.0,0.0,Neutral
@hariprakash2652,Bro Two days midnight struggling for this single task        Thanks well worthy Video     ,2023-12-24T13:53:20Z,0,0,0.47142857142857136,0.15396825396825398,Positive
@user-dl5bo3xe4f,The command is not in the description,2023-12-02T09:54:36Z,3,0,0.0,0.0,Neutral
@wasgeht2409,THX,2023-12-02T09:02:50Z,1,0,0.0,0.0,Neutral
@SnackCH,super  thx man  u r the best,2023-11-29T19:16:42Z,0,0,0.4833333333333333,0.6666666666666666,Positive
@ashuiet,it helped me    thanks for posting the solution I have tried Chatgpt help even that one is not able to solve,2023-11-26T09:35:44Z,0,0,0.4125,-0.024999999999999994,Negative
@jatinnandwani6678,Thanks so much,2023-11-23T05:42:06Z,0,0,0.2,0.2,Positive
@thebigmonstaandy6644,it  works for me   after git push origin main   i get application connect to GitHub Sign In  after that i need to choose token  and i need to paste my token one more time ,2023-11-06T04:00:20Z,0,0,0.41666666666666663,0.3333333333333333,Positive
@pravintml1517,OMG  Made my day  ,2023-10-19T11:55:18Z,0,0,0.0,0.0,Neutral
@vikisneakers,Thank you  worked nicely,2023-10-18T16:22:16Z,0,0,1.0,0.6,Positive
@bhamarsingh5577,Thank you  Very Nice ,2023-10-10T19:05:01Z,0,0,1.0,0.78,Positive
@invisibleinvisible83,thank you so much  ,2023-10-08T09:59:38Z,0,0,0.2,0.2,Positive
@emilyhuang5704,2 24 why did you skip the repo scope ,2023-09-28T21:49:25Z,1,0,0.0,0.0,Neutral
@user-ec6nx5eq5v,Thanks so much ,2023-09-24T03:02:44Z,0,0,0.2,0.2,Positive
@swiftkatcodefactory,Thank you   helpful ,2023-09-16T08:00:38Z,0,0,0.0,0.0,Neutral
@ashutoshpatel5030,where is command in desc  ,2023-08-10T18:30:18Z,10,0,0.0,0.0,Neutral
@user-bg2vd6px4c,Thanks man,2023-08-09T06:45:04Z,0,0,0.2,0.2,Positive
@guilhermemoraes754,Thanks  you helped me a lot ,2023-06-20T14:37:35Z,0,0,0.2,0.2,Positive
@sandun4983,Thanks bro,2024-04-28T06:15:55Z,0,0,0.2,0.2,Positive
@Amitkumar_0_1,thank you    sir,2024-03-19T03:04:33Z,0,0,0.0,0.0,Neutral
@user-ei5xl2jr2f,Thanks a lot,2024-03-10T17:11:29Z,0,0,0.2,0.2,Positive
@samorozov,Thank you man,2024-02-06T00:19:54Z,0,0,0.0,0.0,Neutral
@joshuabolanoshernandez4911,Tysm    ,2024-01-17T18:04:56Z,0,0,0.0,0.0,Neutral
@amrilhakimsihotang7574,Thanks,2024-01-17T14:09:12Z,0,0,0.2,0.2,Positive
@1murkeybadmayn,did all of this  pg admin refuses to open on my desktop and does not even connect on web either  This pg admin and postgres thing has been giving me a headache for 2 months now  I hate Windows and this silly WSL linux system  it just confuses everything  Everything was so straightforward with macOS ,2023-12-30T17:23:30Z,2,0,0.6625,-0.23125,Negative
@HungNguyen-vz7mh,How can I log in from the 2nd time ,2023-11-29T07:51:41Z,0,0,0.0,0.0,Neutral
@MuhammadIsmail-it1mg,thank u so much   ,2023-11-14T06:24:15Z,0,0,0.2,0.2,Positive
@itstechshow7747,It was very useful video  Thank You    ,2023-11-09T09:57:16Z,0,0,0.0,0.39,Positive
@andriioliinyk4466,Thank you  dude   ,2023-11-08T19:31:28Z,0,0,0.0,0.0,Neutral
@annonymous9459,Thank you so much for this step by step tutorial  ,2023-10-26T14:11:18Z,0,0,0.2,0.2,Positive
@fatihyasar1850,Thank you very much  It was very clear to understand ,2023-10-17T10:29:08Z,0,0,0.37916666666666665,0.195,Positive
@dementekill,Thanks  you are awesome ,2023-10-08T11:50:19Z,0,0,0.6,0.6,Positive
@beckem6758,thanks,2023-10-05T13:15:26Z,0,0,0.2,0.2,Positive
@ShabanuFry-ku9ih,Thank you for creating a video that s easy to follow  ,2023-10-02T11:52:50Z,0,0,0.8333333333333334,0.43333333333333335,Positive
@shamim12314,Thank you,2023-08-23T19:21:39Z,1,0,0.0,0.0,Neutral
@saalimmushtaq3472,Thank you very much for this video,2023-08-17T07:18:01Z,2,0,0.26,0.26,Positive
@zoeyf3960,Do you accept advertise ,2023-06-06T08:58:44Z,1,0,0.0,0.0,Neutral
@AleksandrStrizhevskiy,Thank you for this  I was googling solutions and kept coming up with junk ,2024-04-14T23:11:01Z,0,0,0.0,0.0,Neutral
@umairsarwar7472,thnks,2024-04-13T12:49:18Z,0,0,0.0,0.0,Neutral
@Codeing-di3yf,  ,2024-04-07T17:55:52Z,0,0,0.0,0.0,Neutral
@onimekyo7633,thanks a lot man,2024-04-03T17:27:24Z,0,0,0.2,0.2,Positive
@agony4181,U cool  Ty wm  Work for me   ,2024-03-26T20:28:52Z,0,0,0.65,0.35,Positive
@MaksPlay_777,I love you so much,2024-03-24T12:24:52Z,1,0,0.4,0.35,Positive
@misterbolt2817,Спасибо брат,2024-03-07T19:17:21Z,0,0,0.0,0.0,Neutral
@anh-dev,amazing video  Thanks a lot,2024-03-07T16:47:10Z,0,0,0.55,0.4,Positive
@TechnoSan09,perfectly worked  ,2024-03-06T05:26:16Z,0,0,1.0,1.0,Positive
@omshreepal9174,ERROR   role  postgres_new  does not exist  still same error,2024-02-04T07:45:25Z,0,0,0.125,0.0,Neutral
@raavananrocks4237,Thank u     This was helpful,2024-01-15T16:19:52Z,0,0,0.0,0.0,Neutral
@epsilonzero6977,Did not help  ,2024-01-07T08:39:51Z,1,2,0.0,0.0,Neutral
@tanishkamboj518,Same here man did you solve it yourself  ,2024-01-28T08:54:29Z,0,,0.125,0.0,Neutral
@epsilonzero6977, tanishkamboj518  my problem appeared while I was configurating django ssh remote DB  My solution was to change port from number to variable val  that SshTunnelForvarder returned    PORT   ssh_tunnel local_bind_port,2024-01-28T09:38:23Z,0,,0.2,-0.1,Negative
@berilkoksal6553,THANK U ,2024-01-04T00:24:18Z,0,0,0.0,0.0,Neutral
@MafuzinDaMetralhadora,Thank you very much,2023-12-31T00:01:46Z,0,0,0.26,0.26,Positive
@L.M.N.,thank you  man   ,2023-11-17T14:56:56Z,0,0,0.0,0.0,Neutral
@vykuntaraotangudu7420,Am using command prompt   Will the first 2 commands works if postgresql installed from the back end,2023-11-12T10:33:20Z,0,0,0.16666666666666666,0.125,Positive
@Hakan.X,Good job  simple guiding   ,2023-11-04T18:07:10Z,0,0,0.47857142857142865,0.35,Positive
@dmitrysorokin605,God bless you  ma boy ,2023-11-01T14:51:15Z,0,0,0.0,0.0,Neutral
@vitaliisamchuk1999,simple and works  good,2023-10-20T12:42:39Z,0,0,0.47857142857142865,0.35,Positive
@Little_Tales_India,tx bro ,2023-10-14T19:33:10Z,0,0,0.0,0.0,Neutral
@DianaMValencia,very useful video  tysm,2023-09-22T06:25:46Z,0,0,0.0,0.39,Positive
@rustamsai3138,Thank you  bro  And a few words to support the channel ,2023-09-18T08:25:13Z,0,0,0.1,-0.2,Negative
@WellsJhones,,2023-09-17T09:22:44Z,0,0,0.0,0.0,Neutral
@fredericotannous6154,i love you so much,2023-09-14T23:24:55Z,0,0,0.4,0.35,Positive
@Diegoneitor,tenkiu  no hablo ingles pero lo entendi todo claritamente  y me funciono  Gracias,2023-08-26T17:03:33Z,0,0,0.0,0.0,Neutral
@user-wn7sh3eh5n,This is the only solution that worked  Thanks a lot ,2023-08-04T11:16:54Z,0,0,0.6,0.1,Positive
@chilkaswami,your video solved my problem  Thanks,2023-07-30T17:39:10Z,0,0,0.2,0.2,Positive
@pragatisutar803,Thanks  ,2023-07-11T11:43:49Z,0,0,0.2,0.2,Positive
@malikrumi1206,THANK YOU  I just upgraded my postgres  something I hadn t bothered with in years  I felt like a completely lost newbie  and then    there you were     ,2023-07-03T21:03:14Z,0,0,0.4,0.1,Positive
@gisehenriquez2877,Thanks you   ,2023-06-29T17:33:28Z,0,0,0.2,0.2,Positive
@JoaoMarcosDev,That worked perfectly  Thank you ,2023-06-18T21:17:21Z,0,0,1.0,1.0,Positive
@mathecas,GENIUS  AWESOME  Thank you very much    ,2023-06-08T05:36:52Z,0,0,0.63,0.63,Positive
@SakshiJagtap-mh3vq,best video on git and github,2024-04-16T11:13:03Z,0,0,0.3,1.0,Positive
@oscarjoselopezdiaz89,I love u ,2024-04-15T14:38:04Z,0,0,0.6,0.5,Positive
@subrotachandrasharker6129,Thanks boss,2024-03-30T20:43:00Z,0,0,0.2,0.2,Positive
@ArsalanAcademy5160,Thanks for telling,2024-03-28T10:39:22Z,0,0,0.2,0.2,Positive
@mathteacher1729,THANK YOU  Your video is exceptionally clear and well explained  I appreciate you taking the time to show the commands and explain the steps like this  Hope you are having a great day   ,2024-03-10T14:55:59Z,0,0,0.5666666666666667,0.45,Positive
@skgskg76,This video came as a life saver  I was stuck for days trying to shift to linux   Pushing code wasn t just happening   For days I kept coding in windows even after installing ubuntu  Now I think I don t need to   Finally   I m moving my repos to linux as well  Thank You for making such educative videos  ,2024-03-05T00:57:54Z,0,0,0.75,0.0,Neutral
@getorix0,Finally a step by step tutorial  thank you ,2024-02-22T08:08:27Z,1,0,1.0,0.0,Neutral
@manojkumar-le2ec,Thanks you sir I was stuck but because of your video I have done  ,2024-02-16T16:41:53Z,1,0,0.2,0.2,Positive
@user-ng6pm8io3l,life saver ,2024-02-09T19:06:48Z,0,0,0.0,0.0,Neutral
@shaikabdul887,Thanks for your guidance,2024-02-09T07:42:35Z,0,0,0.2,0.2,Positive
@peter.lazarov,Thank you  Perfectly explained and working ,2024-02-04T18:07:24Z,0,0,1.0,1.0,Positive
@anuragshrestha542,thankxx,2024-01-28T12:38:26Z,0,0,0.0,0.0,Neutral
@nickdaboss03,Completely new to coding and have been struggling with Git and Github for 2 days  So confusing and unintuitive to me  This has saved me and worked completely  Whichever god s  you believe in  may they bless you mightily  and if you don t believe in one then may life in general bless you,2024-01-23T15:38:38Z,3,0,0.5309090909090909,0.0772727272727273,Positive
@vennisabarfi958,This was so helpful  Thanks ,2024-01-01T20:15:42Z,0,0,0.2,0.2,Positive
@iyedguizeni1781,amazing  ,2023-11-28T21:40:10Z,0,0,0.9,0.6000000000000001,Positive
@KBralMG,thank you  I was lost in authentication process,2023-11-01T13:14:15Z,0,0,0.0,0.0,Neutral
@samuelpope7798,Thanks ,2023-10-18T06:47:48Z,0,0,0.2,0.2,Positive
@frengzkermova7256,thank  you so much  ,2023-10-06T13:20:25Z,0,0,0.2,0.2,Positive
@vedmohan001,its asking like tell me who you arre,2023-09-28T14:53:25Z,0,0,0.0,0.0,Neutral
@mohamedfarook7110,thank you  it very useful thanks,2023-07-15T14:53:50Z,0,0,0.1,0.29500000000000004,Positive
@jesufemiadejare7461,Video s so good and apt  i have to subcribe  ,2024-05-01T23:36:02Z,0,0,0.8,0.6499999999999999,Positive
@jesufemiadejare7461,Thanks a lot bro   I spent like 2 hours trying  to install a deb file for SQL electron  but this video help me out in like 1 minutes ,2024-05-01T23:34:37Z,0,0,0.15000000000000002,0.05,Positive
@AntonioLassanceBrasil,Simply the best video about how to solve this problem  Thank you very much ,2024-04-04T19:43:24Z,1,0,0.3057142857142857,0.42,Positive
@MohammedAhmed-mr5px,Thanks man  a very informative  clear and concise video ,2024-02-24T11:48:30Z,1,0,0.37083333333333335,0.15,Positive
@user-iy4sr3qk2c,Thanks,2024-02-20T10:16:05Z,0,0,0.2,0.2,Positive
@armitx9,i got  sudo  dpkg  command not found ,2024-02-14T18:23:13Z,0,1,0.0,0.0,Neutral
@flipogreen,first do sudo apt install dpkg to install the installer,2024-05-04T02:32:25Z,0,,0.6666666666666666,0.425,Positive
@LandonEmma,I m on windows and it says It needs dependentcies,2024-01-21T20:22:45Z,1,0,0.0,0.0,Neutral
@Kannadiga_gamer1,Bro litraly  thanx bro i was finding this video from 2 3 months thanx for information,2024-01-01T13:30:18Z,0,0,0.0,0.0,Neutral
@Falaffel-Doenerspiess,thx,2023-12-09T15:26:29Z,0,0,0.0,0.0,Neutral
@mnk4_all_caps,thnx,2023-09-29T15:02:13Z,0,0,0.0,0.0,Neutral
@shisamo,I used the same way to install chrome  But in the application privacy under settings  It didn t show the option to allow chrome access camera and microphone   But Firefox do show the option  May I ask anyway to fix it  Thanks,2024-03-12T05:10:16Z,0,0,0.1625,0.1,Positive
@Nr-fs4fb,    those who think that it s work on win11 because title said so,2024-04-07T18:53:32Z,0,0,0.0,0.0,Neutral
@def5593,no meu não estava funcionando até baixar pelo site que ela mostrou  No meu win10 funcionou  Obrigado ,2024-04-03T11:49:22Z,0,0,0.0,0.0,Neutral
@amarabandurupasinghe2389,didnt work for windows 11  ,2024-03-27T04:35:44Z,1,0,0.0,0.0,Neutral
@AbcXyz-oe2gg,Gutkha khate hue bol rahi hai kya  why are you speaking like this  speak normal  don t bring western accents,2024-01-15T09:45:02Z,1,0,0.32499999999999996,0.075,Positive
@tariqishtiaq6176,how it works in windows 11,2023-12-06T13:41:06Z,0,0,0.0,0.0,Neutral
@foridulislam2679,Fake title     dont work windows 11,2023-09-11T08:37:47Z,9,0,1.0,-0.5,Negative
@RaverSnowLep,Thank you ,2023-08-06T10:48:44Z,0,0,0.0,0.0,Neutral
@Jemands,Dont work on Win11   ,2023-06-28T09:10:21Z,10,0,0.0,0.0,Neutral
@johnholt96,Done  Thanks ,2023-06-27T00:41:55Z,0,0,0.2,0.2,Positive
